metric;min;q1;median;mean;q3;max;n_pairs
difficulty_both;0;0.00558659217877095;0.0257352941176471;0.0370089636119715;0.0540366844994094;0.297722342733189;2966
