metric;min;q1;median;mean;q3;max;n_pairs
difficulty_any;0;0.0555555555555556;0.108433734939759;0.122007728269524;0.173076923076923;0.529411764705882;2864
