metric;min;q1;median;mean;q3;max;n_pairs
difficulty_any;0;0.0684931506849315;0.127906976744186;0.133631784179726;0.186741136474017;0.529411764705882;2966
