metric;min;q1;median;mean;q3;max;n_pairs
difficulty_both;0;0;0.0188679245283019;0.032597956579521;0.0489785282468209;0.328042328042328;2864
